{
  "x": 9.828594258434208,
  "y": -1.8435658119725782,
  "z": 172.3046878516941