{
  "x": -8.957038610132216,
  "y": 4.446510917179981,
  "z": 185.26948246169394
}